OBJECTID,STATE,LEVEL_,DEFINITION,SOURCE,SOURCEDATE
1,AK,I,"Level I Trauma Centers generally serve large cities or population-dense areas. A Level I Trauma Center is responsible for providing leadership in research, professional and community education. There are no Level I Trauma Centers in Alaska because, there are no trauma research and teaching facilities in Alaska.",http://dhss.alaska.gov/dph/Emergency/Pages/trauma/designation.aspx,2016-05-20T00:00:00.000Z
2,AK,II,"A Level II Trauma Center provides comprehensive trauma care and serves as a lead trauma facility for a geographical area. A Level II Trauma Center provides educational outreach and prevention programs and assumes responsibility for trauma system leadership. There are emergency physicians and nurses in-house to initiate resuscitation and stabilization, with surgical teams on call and promptly available.",http://dhss.alaska.gov/dph/Emergency/Pages/trauma/designation.aspx,2016-05-20T00:00:00.000Z
3,AK,III,"The Level III Trauma Center provides assessment, resuscitation, emergency surgery, and stabilization and, for the most critically injured patients, arranges for transfer to a Level I or Level II trauma center that can provide further definitive care. A general surgeon must be promptly available and the facility must be involved with prevention and have an active outreach program for its referring communities.",http://dhss.alaska.gov/dph/Emergency/Pages/trauma/designation.aspx,2016-05-20T00:00:00.000Z
4,AK,IV,Level IV Trauma Centers are small rural facilities that provide initial evaluation and assessment of injured patients prior to transfer to a larger referral facility.,http://dhss.alaska.gov/dph/Emergency/Pages/trauma/designation.aspx,2016-05-20T00:00:00.000Z
5,AK,NOT DESIGNATED,Not designated,http://dhss.alaska.gov/dph/Emergency/Pages/trauma/designation.aspx,2016-05-20T00:00:00.000Z
6,AL,I,"Highest level of institutional organization and hospital divisions and equipment, including Neurological Slurgery, Orthopedic Surgery, and Pediatrics.  Capabilities for cardiac surgery and others.  Board certification for emergency medicine.  Trauma admissions 1200/yr and operating room immediately available. Rehabilitation services available and performance improvement personnel available. Highest level of collaboration, coordination with other centers/programs and the community.",http://www.adph.org/ats/assets/ATS.Master.Designation.Checklist3.pdf,2016-05-20T00:00:00.000Z
7,AL,II,"High standard for organization, divisions, and equipment, including orthopedic surgery.  Capabilities for pediatrics and equipment for critical care unit. Physical therapy and social services provided, and participation in community activities.",http://www.adph.org/ats/assets/ATS.Master.Designation.Checklist3.pdf,2016-05-20T00:00:00.000Z
8,AL,III,capabilities for emergency medication and surgery and patient stabilization if they require transfer to higher level center,http://www.adph.org/ats/assets/ATS.Master.Designation.Checklist3.pdf,2016-05-20T00:00:00.000Z
9,AR,I,"Level I Trauma Centers provide comprehensive care to patients following injury.   Services include both medical and surgical specialties coordinated to achieve the best outcomes for the most severely injured patients.  Involved in professional and community education as well as IVP.  Also have additional responsibilites and requirements to provide sub-specialty services, such as cardiac, hand, and reconstructive surgery, and have a commitment to trauma research and graduate medical education.",http://www.healthy.arkansas.gov/aboutADH/RulesRegs/TraumaSystems.pdf,2016-05-20T00:00:00.000Z
10,AR,II,Level II Trauma Centers provide comprehensive care to patients following injury.   Services include both medical and surgical specialties coordinated to achieve the best outcomes for the most severely injured patients.  Involved in professional and community education as well as IVP.,http://www.healthy.arkansas.gov/aboutADH/RulesRegs/TraumaSystems.pdf,2016-05-20T00:00:00.000Z
11,AR,III,"The Level III trauma center (general) serves communities that do not have immediate access to a Level I or II institution. Level III trauma centers can provide prompt assessment, resuscitation, emergency operations, stabilization, and also arrange for transfer to a facility that can provide definitive trauma care. General surgeons and orthopedic surgeons are required in a Level III facility.",http://www.healthy.arkansas.gov/aboutADH/RulesRegs/TraumaSystems.pdf,2016-05-20T00:00:00.000Z
12,AR,IV,"The Level IV trauma center (basic) is a rural medical treatment facility without continuous surgical availability that has a commitment to excellence in trauma care. Level IV centers have an organized program that defines the trauma patient and activates a multidisciplinary treatment team that is rapidly available to treat the injured patients using pre-determined clinical guidelines developed by the trauma system. A Level IV trauma center is expected to function at its clinical capability, which may exceed the minimum “essential” categorization criteria. For example, if a general surgeon is sometimes available, he/she shall be an active member of the trauma team. If he/she is on-call for the hospital and responsible for patient care, then the surgeon shall also be responsible for trauma patient care.",http://www.healthy.arkansas.gov/aboutADH/RulesRegs/TraumaSystems.pdf,2016-05-20T00:00:00.000Z
13,AZ,I,"Highest level of institutional organization and hospital divisions and equipment, including Neurological Slurgery and Orthopedic Surgery.   Rehabilitation services available.  Provide sub-specialty services, such as cardiac, hand, and reconstructive surgery, and have a commitment to trauma research and graduate medical education.",http://www.azdhs.gov/documents/preparedness/emergency-medical-services-trauma-system/trauma/ExhibitI-ArizonaTraumaCenterStandards.pdf,2016-05-20T00:00:00.000Z
14,AZ,II,"High standard for organization, divisions, and equipment, including orthopedic surgery.  Capabilities for pediatrics and equipment for critical care unit. Physical therapy and social services provided, and participation in community activities.",http://www.azdhs.gov/documents/preparedness/emergency-medical-services-trauma-system/trauma/ExhibitI-ArizonaTraumaCenterStandards.pdf,2016-05-20T00:00:00.000Z
15,AZ,III,Capabilities for emergency medication and surgery and patient stabilization if they require transfer to higher level center.,http://www.azdhs.gov/documents/preparedness/emergency-medical-services-trauma-system/trauma/ExhibitI-ArizonaTraumaCenterStandards.pdf,2016-05-20T00:00:00.000Z
16,AZ,IV,Rural medical treatment facility without continuous surgical availability,http://www.azdhs.gov/documents/preparedness/emergency-medical-services-trauma-system/trauma/LevelIVTraumaCenterCriteria.pdf,2016-05-20T00:00:00.000Z
17,CA,I,"Level I Trauma Centers provide comprehensive care to patients following injury. Services that include surgical specialties such as neurology and orthopedics, as well as non-surgical specialties such as psychiatry.  Level I has to have a minimum of 1200 trauma program admissions, as well as research and education.",http://www.emsa.ca.gov/ems_systems_division_trauma_level_overview,2016-05-20T00:00:00.000Z
18,CA,II,"Level II Trauma Centers provide comprehensive care to patients following injury. Services that include surgical specialties such as neurology and orthopedics, as well as non-surgical specialties such as psychiatry. ",http://www.emsa.ca.gov/ems_systems_division_trauma_level_overview,2016-05-20T00:00:00.000Z
19,CA,III,A Level III trauma center shall include equipment and resources necessary for initial stabilization and personnel knowledgeable in the treatment of adult and pediatric trauma.,http://www.emsa.ca.gov/ems_systems_division_trauma_level_overview,2016-05-20T00:00:00.000Z
20,CA,IV,A Level IV trauma center shall include equipment and resources necessary for initial stabilization and personnel knowledgeable in the treatment of adult and pediatric trauma.  Generally rural and can arrange for transfer to larger facility.,http://www.emsa.ca.gov/ems_systems_division_trauma_level_overview,2016-05-20T00:00:00.000Z
21,CA,I PEDIATRIC,"Level I Pediatric Trauma Centers provide comprehensive care to pediatric patients following injury.   Services that include surgical specialties such as neurology and orthopedics, as well as non-surgical specialties such as psychiatry.  Staff with pediatric specialties, and commitment to research and education.",http://www.emsa.ca.gov/ems_systems_division_trauma_level_overview,2016-05-20T00:00:00.000Z
22,CA,II PEDIATRIC,"Level II Pediatric Trauma Centers provide comprehensive care to pediatric patients following injury.   Services that include surgical specialties such as neurology and orthopedics, as well as non-surgical specialties such as psychiatry.  Staff with pediatric specialties.",http://www.emsa.ca.gov/ems_systems_division_trauma_level_overview,2016-05-20T00:00:00.000Z
23,CO,I,"Level I Trauma Centers provide comprehensive care to patients following injury.   Services that include surgical specialties such as neurology and orthopedics, as well as non-surgical specialties such as psychiatry.  Rehabilitation services available.  High level of collaboration with community, research and education.",http://www.sos.state.co.us/CCR/GenerateRulePdf.do?ruleVersionId=6617&fileName=6%20CCR%201015-4,2016-05-20T00:00:00.000Z
24,CO,II,"Level II Trauma Center has high standards for organization, divisions, and equipment, including orthopedic surgery.  Capabilities for pediatrics and equipment for critical care unit. Physical therapy and social services provided, and participation in community activities.",http://www.sos.state.co.us/CCR/GenerateRulePdf.do?ruleVersionId=6617&fileName=6%20CCR%201015-5,2016-05-20T00:00:00.000Z
25,CO,III,"The Level III trauma center (general) serves communities that do not have immediate access to a Level I or II institution. Level III trauma centers can provide prompt assessment, resuscitation, emergency operations, stabilization, and also arrange for transfer to a facility that can provide definitive trauma care.",http://www.sos.state.co.us/CCR/GenerateRulePdf.do?ruleVersionId=6617&fileName=6%20CCR%201015-6,2016-05-20T00:00:00.000Z
26,CO,IV,Level IV trauma centers have equipment for stabilization of patients and participate in the broader trauma center network.,http://www.sos.state.co.us/CCR/GenerateRulePdf.do?ruleVersionId=6617&fileName=6%20CCR%201015-7,2016-05-20T00:00:00.000Z
27,CO,V,Level V trauma centers have equipment for stabilization of patients and participate in the broader trauma center network. May not always be open 24 hours.,http://www.sos.state.co.us/CCR/GenerateRulePdf.do?ruleVersionId=6617&fileName=6%20CCR%201015-8,2016-05-20T00:00:00.000Z
28,CO,RPTC,Regional Pediatric Trauma Center,http://www.sos.state.co.us/CCR/GenerateRulePdf.do?ruleVersionId=6617&fileName=6%20CCR%201015-9,2016-05-20T00:00:00.000Z
29,CT,I,"Level I Trauma Centers generally serve large cities or population-dense areas. A Level I Trauma Center is responsible for providing leadership in research, professional and community education. ",http://www.ct.gov/dph/lib/dph/public_health_code/sections/19a-177-1_to_19a-177-9_statewide_trauma_system.pdf,2016-05-23T00:00:00.000Z
30,CT,II,"A Level II Trauma Center provides comprehensive trauma care and serves as a lead trauma facility for a geographical area. A Level II Trauma Center provides educational outreach and prevention programs and assumes responsibility for trauma system leadership. There are emergency physicians and nurses in-house to initiate resuscitation and stabilization, with surgical teams on call and promptly available.",http://www.ct.gov/dph/lib/dph/public_health_code/sections/19a-177-1_to_19a-177-9_statewide_trauma_system.pdf,2016-05-23T00:00:00.000Z
31,CT,III,"The Level III Trauma Center provides assessment, resuscitation, emergency surgery, and stabilization and, for the most critically injured patients, arranges for transfer to a Level I or Level II trauma center that can provide further definitive care. A general surgeon must be promptly available and the facility must be involved with prevention and have an active outreach program for its referring communities.",http://www.ct.gov/dph/lib/dph/public_health_code/sections/19a-177-1_to_19a-177-9_statewide_trauma_system.pdf,2016-05-23T00:00:00.000Z
32,CT,PEDIATRIC I,"Level I Trauma Centers generally serve large cities or population-dense areas and have pediatric specialists to ensure comprehensive care for pediatric patients. A Level I Trauma Center is responsible for providing leadership in research, professional and community education. ",http://www.ct.gov/dph/lib/dph/public_health_code/sections/19a-177-1_to_19a-177-9_statewide_trauma_system.pdf,2016-05-23T00:00:00.000Z
33,DC,I,"Level I Trauma Centers generally serve large cities or population-dense areas. A Level I Trauma Center is responsible for providing leadership in research, professional and community education. ",http://doh.dc.gov/service/district-trauma-system,2016-05-23T00:00:00.000Z
34,DC,I PEDIATRIC,"Level I Trauma Centers generally serve large cities or population-dense areas and have pediatric specialists to ensure comprehensive care for pediatric patients. A Level I Trauma Center is responsible for providing leadership in research, professional and community education. ",http://doh.dc.gov/service/district-trauma-system,2016-05-23T00:00:00.000Z
35,DE,1,"A Regional Resource Trauma Center has the capability of providing leadership and comprehensive, definitive care for every aspect of injury from prevention through rehabilitation. It also serves as the lead Trauma Center for the Trauma System",http://dhss.delaware.gov/dhss/dph/ems/trauma.html,2016-05-23T00:00:00.000Z
36,DE,3,"A Community Trauma Center is capable of providing assessment, resuscitation, stabilization, and triage for all trauma patients, arranging for timely transfer of those patients requiring the additional resources of a Regional Trauma or Specialty Center, and delivering definitive care to those whose needs match the resources of this facility. Reciprocity means that Delaware’s Division of Public Health has accepted the trauma center designation conferred by Maryland.",http://dhss.delaware.gov/dhss/dph/ems/trauma.html,2016-05-23T00:00:00.000Z
37,DE,5,"A Participating Hospital is an acute care facility that may receive, usually by private vehicle, moderately or even severely injured trauma patients. Participating Hospitals quickly identify and transfer patients with significant injuries to a trauma center after initial resuscitation. When necessary, this facility may provide care to trauma patients with minor injuries. Participating Hospitals contribute data to the Delaware Trauma System Registry and Quality Improvement Program. They do not receive ambulance patients meeting the Prehospital Trauma Triage Scheme criteria.",http://dhss.delaware.gov/dhss/dph/ems/trauma.html,2016-05-23T00:00:00.000Z
38,DE,PEDIATRIC 1,"A Pediatric Regional Resource Trauma Center has the capability of providing leadership and comprehensive, definitive pediatric trauma care for the most severely injured children within its geographic area. It assumes a leadership role in the care for injured children within its local, regional, and statewide Trauma Systems.",http://dhss.delaware.gov/dhss/dph/ems/trauma.html,2016-05-23T00:00:00.000Z
39,FL,I,Level I Trauma Center is a comprehensive regional resource that is a tertiary care facility central to the trauma system. A Level I Trauma Center is capable of providing total care for every aspect of injury – from prevention through rehabilitation.,http://www.floridahealth.gov/licensing-and-regulation/trauma-system/_documents/traumacntrstandpamphlet150-9-2009rev1-14-10.pdf,2016-05-23T00:00:00.000Z
40,FL,II,A Level II Trauma Center is able to initiate definitive care for all injured patients..,http://www.floridahealth.gov/licensing-and-regulation/trauma-system/_documents/traumacntrstandpamphlet150-9-2009rev1-14-10.pdf,2016-05-23T00:00:00.000Z
41,FL,PEDIATRIC,"A Pediatric Trauma Center has the capability of providing leadership and comprehensive, definitive pediatric trauma care for the most severely injured children within its geographic area.",http://www.floridahealth.gov/licensing-and-regulation/trauma-system/_documents/traumacntrstandpamphlet150-9-2009rev1-14-10.pdf,2016-05-23T00:00:00.000Z
42,GA,I,"Highest level of trauma center designation and offers the greatest level of comprehensive trauma care, from prevention through rehabilitation.  Level I facilities have the major responsibility for leading in trauma education, research and planning.  Most facilities that meet Level I criteria will be academic facilities and have active surgical residency programs.",https://publications.gha.org/Home/GHAFactBook/MapsandLists/DesignatedTraumaCenters/TraumaCareLevelDescriptions.aspx,2016-05-23T00:00:00.000Z
43,GA,II,"Generally can provide the same level of clinical care as a Level I, but usually does not have the focus on research, education and systems planning.  Some patients with very complex injuries may require transfer to a Level I center. ",https://publications.gha.org/Home/GHAFactBook/MapsandLists/DesignatedTraumaCenters/TraumaCareLevelDescriptions.aspx,2016-05-23T00:00:00.000Z
44,GA,III,"Provides trauma assessment, resuscitation, emergency surgery, stabilization and if needed, transfer of patients requiring more definitive care to Level II or I centers.",https://publications.gha.org/Home/GHAFactBook/MapsandLists/DesignatedTraumaCenters/TraumaCareLevelDescriptions.aspx,2016-05-23T00:00:00.000Z
45,GA,IV,Provides advanced life support and stabilization of patients transported to their facility and expedite transfer of patients requiring more definitive care to Level I or II centers. Level IV centers may be a clinic or hospital in a remote area and may or may not have a physician available 24 hours a day.,https://publications.gha.org/Home/GHAFactBook/MapsandLists/DesignatedTraumaCenters/TraumaCareLevelDescriptions.aspx,2016-05-23T00:00:00.000Z
46,GA,I PEDIATRIC,"Highest level of trauma center designation and offers the greatest level of comprehensive trauma care, from prevention through rehabilitation.  Level I facilities have the major responsibility for leading in pediatric trauma education, research and planning.  Most facilities that meet Level I criteria will be academic facilities and have active surgical residency programs.",https://publications.gha.org/Home/GHAFactBook/MapsandLists/DesignatedTraumaCenters/TraumaCareLevelDescriptions.aspx,2016-05-23T00:00:00.000Z
47,GA,II PEDIATRIC,"Generally can provide the same level of pediatric clinical care as a Level I, but usually does not have the focus on research, education and systems planning.  Some patients with very complex injuries may require transfer to a Level I center. ",https://publications.gha.org/Home/GHAFactBook/MapsandLists/DesignatedTraumaCenters/TraumaCareLevelDescriptions.aspx,2016-05-23T00:00:00.000Z
48,GA,III PEDIATRIC,"Provides pediatric trauma assessment, resuscitation, emergency surgery, stabilization and if needed, transfer of patients requiring more definitive care to Level II or I centers.",https://publications.gha.org/Home/GHAFactBook/MapsandLists/DesignatedTraumaCenters/TraumaCareLevelDescriptions.aspx,2016-05-23T00:00:00.000Z
49,HI,II,"No definitions or definition source provided by state, however the SOURCE shown in this table was used to discover trauma levels for the hospitals feature class, minus the definition.",https://data.hawaii.gov/Health/Hospitals-in-Hawaii/rwns-g4bn,2016-07-25T00:00:00.000Z
50,HI,III,"No definitions or definition source provided by state, however the SOURCE shown in this table was used to discover trauma levels for the hospitals feature class, minus the definition.",https://data.hawaii.gov/Health/Hospitals-in-Hawaii/rwns-g4bn,2016-07-25T00:00:00.000Z
51,IA,I,Level I Trauma Center is a comprehensive regional resource that is a tertiary care facility central to the trauma system. A Level I Trauma Center is capable of providing total care for every aspect of injury – from prevention through rehabilitation.,http://idph.iowa.gov/Portals/1/userfiles/61/Trauma%20Care%20Facility%20Directory%202016.pdf,2016-05-23T00:00:00.000Z
52,IA,II,A Level II Trauma Center is able to initiate definitive care for all injured patients.,https://idph.iowa.gov/Portals/1/Files/BETS/Iowa%20Trauma%20System%20Regional%20%28Level%20II%29%20Hospital%20and%20Emergency%20Care%20Facility%20Categorization%20Criteria%20%282013%29.pdf,2016-05-23T00:00:00.000Z
53,IA,III,"A Level III Trauma Center has demonstrated an ability to provide prompt assessment, resuscitation, surgery, intensive care and stabilization of injured patients and emergency operations.",https://idph.iowa.gov/Portals/1/Files/BETS/Iowa%20Trauma%20System%20Area%20(Level%20III)%20Hospital%20and%20Emergency%20Care%20Facility%20Categorization%20Criteria%20(2013).pdf,2016-05-23T00:00:00.000Z
54,IA,IV,"A Level IV Trauma Center has demonstrated an ability to provide advanced trauma life support (ATLS) prior to transfer of patients to a higher level trauma center.  It provides evaluation, stabilization, and diagnostic capabilities for injured patients.",https://www.idph.iowa.gov/Portals/1/Files/BETS/Iowa%20Trauma%20System%20Community%20(Level%20IV)%20Hospital%20and%20Emergency%20Care%20Facility%20Categorization%20Criteria%20(2013).pdf,2016-05-23T00:00:00.000Z
55,IA,I PEDIATRIC, Capable of providing total care for every aspect of pediatric injury – from prevention through rehabilitation.,http://idph.iowa.gov/Portals/1/userfiles/61/Trauma%20Care%20Facility%20Directory%202016.pdf,2016-05-23T00:00:00.000Z
56,IA,II PEDIATRIC,Able to initiate definitive care for all injured pediatric patients.,http://idph.iowa.gov/Portals/1/userfiles/61/Trauma%20Care%20Facility%20Directory%202016.pdf,2016-05-23T00:00:00.000Z
57,ID,II,"No definitions or definition source provided by state, however the SOURCE shown in this table was used to discover trauma levels for the hospitals feature class, minus the definition.",http://healthandwelfare.idaho.gov/Portals/0/Medical/LicensingCertification/AlphaHospital.pdf,2016-04-19T00:00:00.000Z
58,ID,III,"No definitions or definition source provided by state, however the SOURCE shown in this table was used to discover trauma levels for the hospitals feature class, minus the definition.",http://healthandwelfare.idaho.gov/Portals/0/Medical/LicensingCertification/AlphaHospital.pdf,2016-04-19T00:00:00.000Z
59,IL,I,"A hospital participating in an approved EMS System and designated by the Illinois Department of Public Health to provide optimal care to trauma patients and to provide all essential services in-house, 24 hours per day",https://www.ihatoday.org/uploadDocs/1/trauma.pdf,2016-05-23T00:00:00.000Z
60,IL,II,"A hospital participating in an approved EMS System and designated by the Illinois Department of Public Health to provide optimal care to trauma patients, to provide some essential services available in-house 24 hours per day, and to provide other essential services readily available 24 hours a day",https://www.ihatoday.org/uploadDocs/1/trauma.pdf,2016-05-23T00:00:00.000Z
61,IL,I PEDIATRIC,"A hospital participating in an approved EMS System and designated by the Illinois Department of Public Health to provide optimal care to pediatric trauma patients and to provide all essential services in-house, 24 hours per day",https://www.ihatoday.org/uploadDocs/1/trauma.pdf,2016-05-23T00:00:00.000Z
62,IL,II PEDIATRIC,"A hospital participating in an approved EMS System and designated by the Illinois Department of Public Health to provide optimal care to pediatric trauma patients, to provide some essential services available in-house 24 hours per day, and to provide other essential services readily available 24 hours a day",https://www.ihatoday.org/uploadDocs/1/trauma.pdf,2016-05-23T00:00:00.000Z
63,IN,I,"Level I Trauma Centers generally serve large cities or population-dense areas. A Level I Trauma Center is responsible for providing leadership in research, professional and community education",http://www.state.in.us/isdh/24972.htm,2016-05-24T00:00:00.000Z
64,IN,II,"A Level II Trauma Center provides comprehensive trauma care and serves as a lead trauma facility for a geographical area. A Level II Trauma Center provides educational outreach and prevention programs and assumes responsibility for trauma system leadership. There are emergency physicians and nurses in-house to initiate resuscitation and stabilization, with surgical teams on call and promptly available.",http://www.state.in.us/isdh/24972.htm,2016-05-24T00:00:00.000Z
65,IN,III,"The Level III Trauma Center provides assessment, resuscitation, emergency surgery, and stabilization and, for the most critically injured patients, arranges for transfer to a Level I or Level II trauma center that can provide further definitive care. A general surgeon must be promptly available and the facility must be involved with prevention and have an active outreach program for its referring communities.",http://www.state.in.us/isdh/24972.htm,2016-05-24T00:00:00.000Z
66,IN,I PEDIATRIC,"Level I Trauma Centers generally serve large cities or population-dense areas. A Level I Trauma Center is responsible for providing leadership in research, professional and community education in pediatric care.",http://www.state.in.us/isdh/24972.htm,2016-05-24T00:00:00.000Z
67,IN,II PEDIATRIC,"A Level II Trauma Center provides comprehensive pediatric trauma care and serves as a lead trauma facility for a geographical area. A Level II Trauma Center provides educational outreach and prevention programs and assumes responsibility for trauma system leadership. There are emergency physicians and nurses in-house to initiate resuscitation and stabilization, with surgical teams on call and promptly available.",http://www.state.in.us/isdh/24972.htm,2016-05-24T00:00:00.000Z
68,KS,I,"A hospital that has the capability to provide the highest level of trauma care for every aspect of injury, from prevention through rehabilitation.",http://www.kstrauma.org/download/KS_Register_Publication_of_Administrative_Regs.pdf,2016-05-24T00:00:00.000Z
69,KS,II,"A hospital that provides initial trauma care, but is not necessarily able to provide the same comprehensive care as that provided by a level I trauma center, and doesn't have trauma research as a primary objective",http://www.kstrauma.org/download/KS_Register_Publication_of_Administrative_Regs.pdf,2016-05-24T00:00:00.000Z
70,KS,III,A hospital that provides initial trauma care or arranges for the appropriate transfer of trauma patients to a level I trauma center or a level II trauma center.,http://www.kstrauma.org/download/KS_Register_Publication_of_Administrative_Regs.pdf,2016-05-24T00:00:00.000Z
71,KS,IV,"A hospital that provides urgent care for injured persons and the timely transfer of the seriously injured to a level I trauma center, level II trauma center, or level III trauma center as appropriate",http://www.kstrauma.org/download/KS_Register_Publication_of_Administrative_Regs.pdf,2016-05-24T00:00:00.000Z
72,KY,I,"Provides screening and initial trauma care of the injured patient regardless of the severity of injury; emphasis on research and education",http://www.kyha.com/docs/TraumaDocs/902KARChapter28MarkedUp.pdf,2016-05-24T00:00:00.000Z
73,KY,II,Provides screening and initial trauma care of the injured patient regardless of the severity of injury,http://www.kyha.com/docs/TraumaDocs/902KARChapter28MarkedUp.pdf,2016-05-24T00:00:00.000Z
74,KY,III,"Provides prompt assessment, resuscitation, emergency operations and stabilization; Arranges for transfer to a facility that can provide trauma care at a higher level; Serves communities that do not have immediate access to a Level I or Level II trauma center",http://www.kyha.com/docs/TraumaDocs/902KARChapter28MarkedUp.pdf,2016-05-24T00:00:00.000Z
75,KY,IV,"Provides advanced trauma life support before a patient is transferred to a higher level of care; Is located in a hospital emergency department",http://www.kyha.com/docs/TraumaDocs/902KARChapter28MarkedUp.pdf,2016-05-24T00:00:00.000Z
76,KY,I PEDIATRIC,"Provides screening and initial trauma care of the injured pediatric patient regardless of the severity of injury; emphasis on research and education",http://www.kyha.com/docs/TraumaDocs/902KARChapter28MarkedUp.pdf,2016-05-24T00:00:00.000Z
77,LA,I,"Level I Trauma Centers generally serve large cities or population-dense areas. A Level I Trauma Center is responsible for providing leadership in research, professional and community education",http://lern.la.gov/trauma/state-designated-trauma-centers/,2016-05-25T00:00:00.000Z
78,LA,II,"A Level II Trauma Center provides comprehensive trauma care and serves as a lead trauma facility for a geographical area. A Level II Trauma Center provides educational outreach and prevention programs and assumes responsibility for trauma system leadership. There are emergency physicians and nurses in-house to initiate resuscitation and stabilization, with surgical teams on call and promptly available.",http://lern.la.gov/trauma/state-designated-trauma-centers/,2016-05-25T00:00:00.000Z
79,LA,III,"The Level III Trauma Center provides assessment, resuscitation, emergency surgery, and stabilization and, for the most critically injured patients, arranges for transfer to a Level I or Level II trauma center that can provide further definitive care. A general surgeon must be promptly available and the facility must be involved with prevention and have an active outreach program for its referring communities.",http://lern.la.gov/trauma/state-designated-trauma-centers/,2016-05-25T00:00:00.000Z
80,MA,I,"Level I Trauma Centers generally serve large cities or population-dense areas. A Level I Trauma Center is responsible for providing leadership in research, professional and community education",http://www.mass.gov/eohhs/gov/departments/dph/programs/hcq/oems/trauma-data/public-health-oems-trauma-center-verification.html,2016-05-25T00:00:00.000Z
81,MA,II,"A Level II Trauma Center provides comprehensive trauma care and serves as a lead trauma facility for a geographical area. A Level II Trauma Center provides educational outreach and prevention programs and assumes responsibility for trauma system leadership. There are emergency physicians and nurses in-house to initiate resuscitation and stabilization, with surgical teams on call and promptly available.",http://www.mass.gov/eohhs/gov/departments/dph/programs/hcq/oems/trauma-data/public-health-oems-trauma-center-verification.html,2016-05-25T00:00:00.000Z
82,MA,III,"The Level III Trauma Center provides assessment, resuscitation, emergency surgery, and stabilization and, for the most critically injured patients, arranges for transfer to a Level I or Level II trauma center that can provide further definitive care. A general surgeon must be promptly available and the facility must be involved with prevention and have an active outreach program for its referring communities.",http://www.mass.gov/eohhs/gov/departments/dph/programs/hcq/oems/trauma-data/public-health-oems-trauma-center-verification.html,2016-05-25T00:00:00.000Z
83,MA,I PEDIATRIC,"Level I Trauma Centers generally serve large cities or population-dense areas. A Level I Pediatric Trauma Center is responsible for providing leadership in research, professional and community education.",http://www.mass.gov/eohhs/gov/departments/dph/programs/hcq/oems/trauma-data/public-health-oems-trauma-center-verification.html,2016-05-25T00:00:00.000Z
84,MA,II PEDIATRIC,"A Level II Trauma Center provides comprehensive pediatric trauma care and serves as a lead trauma facility for a geographical area. A Level II Trauma Center provides educational outreach and prevention programs and assumes responsibility for trauma system leadership. There are emergency physicians and nurses in-house to initiate resuscitation and stabilization, with surgical teams on call and promptly available.",http://www.mass.gov/eohhs/gov/departments/dph/programs/hcq/oems/trauma-data/public-health-oems-trauma-center-verification.html,2016-05-25T00:00:00.000Z
85,MD,PARC,"Primary Adult Resource Center; Fellowship Training in Trauma and 24 hour dedicated facilities and specialty surgeons.",http://www.miemss.org/home/hospitals/trauma-centers,2016-05-25T00:00:00.000Z
86,MD,I,"A Level I Trauma Center is responsible for providing leadership in research, professional and community education",http://www.miemss.org/home/hospitals/trauma-centers,2016-05-25T00:00:00.000Z
87,MD,II,"A Level II Trauma Center provides educational outreach and prevention programs and assumes responsibility for trauma system leadership. There are emergency physicians and nurses in-house to initiate resuscitation and stabilization, with surgical teams on call and promptly available.",http://www.miemss.org/home/hospitals/trauma-centers,2016-05-25T00:00:00.000Z
88,MD,III,"The Level III Trauma Center provides assessment, resuscitation, emergency surgery, and stabilization and, for the most critically injured patients, arranges for transfer to a Level I or Level II trauma center that can provide further definitive care. A general surgeon must be promptly available.",http://www.miemss.org/home/hospitals/trauma-centers,2016-05-25T00:00:00.000Z
89,MD,PEDIATRIC,"A Pediatric Trauma Center has the capability of providing leadership and comprehensive, definitive pediatric trauma care for the most severely injured children within its geographic area.",http://www.miemss.org/home/hospitals/trauma-centers,2016-05-25T00:00:00.000Z
90,ME,REGIONAL TRAUMA CENTER,"No definitions or definition source provided by state, however the SOURCE shown in this table was used to discover trauma levels for the hospitals feature class, minus the definition.",https://gateway.maine.gov/dhhs-apps/aspen/facility_list.asp,2016-06-24T00:00:00.000Z
91,ME,TRAUMA SYSTEM HOSPITAL,"No definitions or definition source provided by state, however the SOURCE shown in this table was used to discover trauma levels for the hospitals feature class, minus the definition.",https://gateway.maine.gov/dhhs-apps/aspen/facility_list.asp,2016-06-24T00:00:00.000Z
92,MI,I,"Level I Trauma Centers generally serve large cities or population-dense areas. A Level I Trauma Center is responsible for providing leadership in research, professional and community education",http://www.michigan.gov/documents/mdch/Michigan_Criteria_FINAL.8.6.14_465535_7.pdf,2016-05-26T00:00:00.000Z
93,MI,II,"A Level II Trauma Center provides comprehensive trauma care and serves as a lead trauma facility for a geographical area. A Level II Trauma Center provides educational outreach and prevention programs and assumes responsibility for trauma system leadership. There are emergency physicians and nurses in-house to initiate resuscitation and stabilization, with surgical teams on call and promptly available.",http://www.michigan.gov/documents/mdch/Michigan_Criteria_FINAL.8.6.14_465535_7.pdf,2016-05-26T00:00:00.000Z
94,MI,III,"The Level III Trauma Center provides assessment, resuscitation, emergency surgery, and stabilization and, for the most critically injured patients, arranges for transfer to a Level I or Level II trauma center that can provide further definitive care. A general surgeon must be promptly available and the facility must be involved with prevention and have an active outreach program for its referring communities.",http://www.michigan.gov/documents/mdch/Michigan_Criteria_FINAL.8.6.14_465535_7.pdf,2016-05-26T00:00:00.000Z
95,MI,IV,Level IV Trauma Centers are small rural facilities that provide initial evaluation and assessment of injured patients prior to transfer to a larger referral facility.,http://www.michigan.gov/documents/mdch/Michigan_Criteria_FINAL.8.6.14_465535_7.pdf,2016-05-26T00:00:00.000Z
96,MI,I PEDIATRIC,"Level I Trauma Centers generally serve large cities or population-dense areas. A Level I Pediatric Trauma Center is responsible for providing leadership in research, professional and community education.",http://www.michigan.gov/documents/mdch/Michigan_Criteria_FINAL.8.6.14_465535_7.pdf,2016-05-26T00:00:00.000Z
97,MI,II PEDIATRIC,"A Level II Trauma Center provides comprehensive pediatric trauma care and serves as a lead trauma facility for a geographical area. A Level II Trauma Center provides educational outreach and prevention programs and assumes responsibility for trauma system leadership. There are emergency physicians and nurses in-house to initiate resuscitation and stabilization, with surgical teams on call and promptly available.",http://www.michigan.gov/documents/mdch/Michigan_Criteria_FINAL.8.6.14_465535_7.pdf,2016-05-26T00:00:00.000Z
98,MN,I,"Level I Trauma Centers generally serve large cities or population-dense areas. A Level I Trauma Center is responsible for providing leadership in research, professional and community education",https://www.revisor.mn.gov/statutes/?id=144.605,2016-05-26T00:00:00.000Z
99,MN,II,"A Level II Trauma Center provides comprehensive trauma care and serves as a lead trauma facility for a geographical area. A Level II Trauma Center provides educational outreach and prevention programs and assumes responsibility for trauma system leadership. There are emergency physicians and nurses in-house to initiate resuscitation and stabilization, with surgical teams on call and promptly available.",https://www.revisor.mn.gov/statutes/?id=144.605,2016-05-26T00:00:00.000Z
100,MN,III,"The Level III Trauma Center provides assessment, resuscitation, emergency surgery, and stabilization and, for the most critically injured patients, arranges for transfer to a Level I or Level II trauma center that can provide further definitive care. A general surgeon must be promptly available and the facility must be involved with prevention and have an active outreach program for its referring communities.",http://www.health.state.mn.us/traumasystem/hospresources/index.html,2016-05-26T00:00:00.000Z
101,MN,IV,Level IV Trauma Centers are small rural facilities that provide initial evaluation and assessment of injured patients prior to transfer to a larger referral facility.,http://www.health.state.mn.us/traumasystem/hospresources/index.html,2016-05-26T00:00:00.000Z
102,MN,I PEDIATRIC,"Level I Trauma Centers generally serve large cities or population-dense areas. A Level I  Pediatric Trauma Center is responsible for providing leadership in research, professional and community education",https://www.revisor.mn.gov/statutes/?id=144.605,2016-05-26T00:00:00.000Z
103,MN,II PEDIATRIC,"A Level II Trauma Center provides comprehensive pediatric trauma care and serves as a lead trauma facility for a geographical area. A Level II Trauma Center provides educational outreach and prevention programs and assumes responsibility for trauma system leadership. There are emergency physicians and nurses in-house to initiate resuscitation and stabilization, with surgical teams on call and promptly available.",https://www.revisor.mn.gov/statutes/?id=144.605,2016-05-26T00:00:00.000Z
104,MO,I,"Level I Centers function as resource center within a region, for example maintaining specialized resources for the most complex patients.  ",http://health.mo.gov/living/healthcondiseases/chronic/tcdsystem/designatedhospitals.php,2016-05-26T00:00:00.000Z
105,MO,PEDIATRIC I,"Level I Centers function as resource center within a region, for example maintaining specialized resources for the most complex pediatric patients.  ",http://health.mo.gov/living/healthcondiseases/chronic/tcdsystem/designatedhospitals.php,2016-05-26T00:00:00.000Z
106,MO,II,"Level II Centers generally provide definitive care to high volumes of trauma, stroke and STEMI patients within a region.",http://health.mo.gov/living/healthcondiseases/chronic/tcdsystem/designatedhospitals.php,2016-05-26T00:00:00.000Z
107,MO,III,"Level III Centers play an important role in providing access into the system and important patient care in non-metropolitan areas, and generally refer to a higher level center for definitive care. ",http://health.mo.gov/living/healthcondiseases/chronic/tcdsystem/designatedhospitals.php,2016-05-26T00:00:00.000Z
108,MO,IV,"Level IV Centers, a key entry point into the system, provide access into the system in rural areas and stabilize and prepare patients for rapid transfer to a higher level of care.",http://health.mo.gov/living/healthcondiseases/chronic/tcdsystem/designatedhospitals.php,2016-05-26T00:00:00.000Z
109,MS,I,"Level I trauma centers act as regional tertiary care facilities at the hub of the trauma care system. These facilities must have the ability to provide leadership and total care for every aspect of injury from prevention to rehabilitation. As a tertiary facility, the Level I trauma center must have adequate depth of resources and personnel. These centers also have the responsibility of providing leadership in education, trauma prevention, research and system planning.",http://msdh.ms.gov/msdhsite/_static/49.html,2016-05-27T00:00:00.000Z
110,MS,II,"A Level II trauma center is an acute care facility with the commitment, resources and specialty training necessary to provide sophisticated trauma care.",http://msdh.ms.gov/msdhsite/_static/49.html,2016-05-27T00:00:00.000Z
111,MS,III,"A Level III trauma center is an acute care facility with the commitment, medical staff, personnel and specialty training necessary to provide initial resuscitation of the trauma patient. Generally, a Level III trauma center is expected to provide initial resuscitation of the trauma patient and immediate operative intervention to control hemorrhage and to assure maximal stabilization prior to referral to a higher level of care. In many instances, patients will remain in the Level III trauma center unless the medical needs of the patient require secondary transfer. ",http://msdh.ms.gov/msdhsite/_static/49.html,2016-05-27T00:00:00.000Z
112,MS,IV,"Level IV trauma centers are generally licensed, small, rural facilities with a commitment to the resuscitation of the trauma patient and written transfer protocols in place to assure those patients who require a higher level of care are appropriately transferred. These facilities may be staffed by a physician, or a licensed midlevel practitioner (i.e. advanced practice nurse) or Registered Nurse.",http://msdh.ms.gov/msdhsite/_static/49.html,2016-05-27T00:00:00.000Z
113,MS,NON-DESIGNATED,Not designated,http://msdh.ms.gov/msdhsite/_static/49.html,2016-05-27T00:00:00.000Z
114,MT,RTC,"Regional Trauma Center. Requirements include resident trauma surgeons available 24 hrs, as well as critical care medicine, pediatrics and neurologic surgery. Rehabilitation services available and commitment to continuing education for all health personnel.",https://dphhs.mt.gov/publichealth/EMSTS/traumasystems/designation.aspx,2016-06-01T00:00:00.000Z
115,MT,ATH,"Area Trauma Hospital. Requirements include resident trauma surgeons available 24 hrs, as well as orthopaedic surgery and physical therapy.",https://dphhs.mt.gov/publichealth/EMSTS/traumasystems/designation.aspx,2016-06-01T00:00:00.000Z
116,MT,CTH,Community Trauma Facility.  Can provide initial stabilization and full care for some patients as well as transfer.,https://dphhs.mt.gov/publichealth/EMSTS/traumasystems/designation.aspx,2016-06-01T00:00:00.000Z
117,MT,TRH,Trauma Receiving Facility. Possess equipment for resusciation and program in place for transfer of patients.,https://dphhs.mt.gov/publichealth/EMSTS/traumasystems/designation.aspx,2016-06-01T00:00:00.000Z
118,NC,I,"Center that has the capability of providing leadership, research, and total care for every aspect of injury from prevention to rehabilitation.",https://www2.ncdhhs.gov/dhsr/EMS/trauma/guidelines.html,2016-06-01T00:00:00.000Z
119,NC,II,Center that provides trauma care regardless of the severity of the injury but may not be able to provide the same comprehensive care as a Level I trauma center and does not have trauma research as a primary objective.,https://www2.ncdhhs.gov/dhsr/EMS/trauma/guidelines.html,2016-06-01T00:00:00.000Z
120,NC,III,"Center that provides prompt assessment, resuscitation, emergency operations, and stabilization, and arranges for hospital transfer as needed to a Level I or II trauma center.",https://www2.ncdhhs.gov/dhsr/EMS/trauma/guidelines.html,2016-06-01T00:00:00.000Z
121,ND,I,"A Level I Trauma Center provides the highest level of surgical care to trauma patients with requirements for various surgical specialists to be available 24 hours a day. There are requirements for minimum annual volumes of severely injured patients. Additionally, a Level I center has research requirements related to trauma and is a leader in trauma education, injury prevention, and is a referral resource for communities in nearby regions.  Verified by ACS.",https://www.health.nd.gov/media/1108/trauma-level-designation-brochure-15.pdf,2016-06-01T00:00:00.000Z
122,ND,II,"The Level II facilities in our state function at nearly the same level as a Level I facility. They attempt to assure 24 hours a day coverage of the various surgical specialists. They perform rigorous performance improvement, community education and injury prevention services. Level II Trauma Medical Directors and Coordinators within North Dakota help in the designation process for the Level IV and V facilities in the state, and providing follow-up on patient care outcomes.  Verified by ACS",https://www.health.nd.gov/media/1108/trauma-level-designation-brochure-15.pdf,2016-06-01T00:00:00.000Z
123,ND,III,"Level III facilities do not have the full availability of physician specialists available at a Level I or II facility, but do have resources for emergency resuscitation, surgery and intensive care of most trauma patients. The same care, equipment, data entry and performance improvement requirements remain as in Level IV and V. Verified by ACS.",https://www.health.nd.gov/media/1108/trauma-level-designation-brochure-15.pdf,2016-06-01T00:00:00.000Z
124,ND,IV,"Level IV facilities are held to the same standards as Level V, and additionally are required to have a physician rather than a physician’s assistant or nurse practitioner available 24 hours a day to care for the injured patient.",https://www.health.nd.gov/media/1108/trauma-level-designation-brochure-15.pdf,2016-06-01T00:00:00.000Z
125,ND,V,"A Level V facility must provide evaluation, stabilization and appropriate diagnostics for each trauma patient presenting to their emergency room. When appropriate, these patients must be transferred to a higher level of care. The facility must meet specific equipment requirements. Data from each of their trauma patients must be entered into the trauma registry for statistical analysis. The patient records are audited and reviewed to assure that quality patient care is given to every trauma patient. An ATLS certified physician, physician’s assistant or nurse practitioner must be available 24 hours a day to care for injured patients.",https://www.health.nd.gov/media/1108/trauma-level-designation-brochure-15.pdf,2016-06-01T00:00:00.000Z
126,NE,I,"Comprehensive trauma center. Verified by ACS as Level I. Has the ability to provide highest level of definitive, comprehensive care for patients with complex traumatic injury.  All severely or multi-system injured patients must be admitted to or seen by a designated trauma service with identifiable trauma specialists directing the service and other affiliated health care personnel assigned to that service.",http://dhhs.ne.gov/publichealth/NebraskaEMS/Documents/Title-185.pdf,2016-06-01T00:00:00.000Z
127,NE,II,Advanced trauma center. Verified by ACS as Level II. Has the ability to provide definitive care for patients with complex and severe trauma.  All severely or multi-system injured patients must be admitted to or seen by a designated trauma service with identifiable truma specialists directing the service and other affiliated health care personnel assigned to that service.,http://dhhs.ne.gov/publichealth/NebraskaEMS/Documents/Title-185.pdf,2016-06-01T00:00:00.000Z
128,NE,III,"General trauma center. Verified by ACS as Level III.  Has the ability to provide initial evaluation and stabilization, inpatient services to stable patients, and transfer patients as required.  All severly or multi-system injured patients may be admitted to individual surgeons, but the structure of the program must allow the trauma director to have oversight authority for the care of those injured patients.",http://dhhs.ne.gov/publichealth/NebraskaEMS/Documents/Title-185.pdf,2016-06-01T00:00:00.000Z
129,NE,IV,"Basic trauma center. Verified by ACS as Level IV.  Has the abililty to provide initial resuscitation, stabilization, and transfer of patients as required.",http://dhhs.ne.gov/publichealth/NebraskaEMS/Documents/Title-185.pdf,2016-06-01T00:00:00.000Z
130,NE,II PEDIATRIC,Advanced trauma center. Verified by ACS as Level II. Has the ability to provide definitive care for pediatric patients with complex and severe trauma.  All severely or multi-system injured patients must be admitted to or seen by a designated trauma service with identifiable truma specialists directing the service and other affiliated health care personnel assigned to that service.,http://dhhs.ne.gov/publichealth/NebraskaEMS/Documents/Title-185.pdf,2016-06-01T00:00:00.000Z
131,NH,I,"Provides the highest level of care for patients with complex traumatic injuries that present directly to the hospital's emergency department or by interfacility transfer. The hospital is a regional resource that treats a significant number of seriously injured patients and is responsible for outreach, accredited education and is committed to research in trauma management.",https://www.nh.gov/safety/divisions/fstems/ems/documents/traumasystemplan.pdf,2016-06-02T00:00:00.000Z
132,NH,II,"Has the resources to provide a high level of care for patients with complex injuries. The hospital has essentially all the surgical specialty providers as a Level I, on-call and promptly available 24/7. A Level II provides definitive care on a regional basis for complex trauma patients, but transfers the most specialized of trauma patients to a Level I or specialty facility (i.e. burn center).",https://www.nh.gov/safety/divisions/fstems/ems/documents/traumasystemplan.pdf,2016-06-02T00:00:00.000Z
133,NH,III,"Provides trauma care for a local catchment area. Depending on the hospital’s resources (such as neurosurgery) some Level III trauma hospitals are able to care for complex trauma patients, but the expectation of most Level III facilities for major trauma patients is stabilization and prompt transfer to a Level I trauma hospital.",https://www.nh.gov/safety/divisions/fstems/ems/documents/traumasystemplan.pdf,2016-06-02T00:00:00.000Z
134,NH,IV,"A hospital that provides 24-hour emergency services. This level of trauma hospital is expected to resuscitate, stabilize, and transfer major trauma patients to a higher level facility. This facility will admit only those patients who are determined to have injuries that do not meet criteria for transfer.",https://www.nh.gov/safety/divisions/fstems/ems/documents/traumasystemplan.pdf,2016-06-02T00:00:00.000Z
135,NH,I PEDIATRIC,"Provides the most comprehensive level of care and has a pediatric intensive care unit. The facility will be capable of providing comprehensive specialized pediatric medical and surgical care to all acutely ill and injured children. The Level I Pediatric Trauma Hospital will be responsible for serving as a regional referral center for the specialized care of pediatric patients, or in special circumstances will provide safe and timely transfer of children to other facilities for specialized care. ",https://www.nh.gov/safety/divisions/fstems/ems/documents/traumasystemplan.pdf,2016-06-02T00:00:00.000Z
136,NH,II PEDIATRIC,"Has a defined separate pediatric inpatient service and a department/division of pediatrics within the medical staff structure. A Level II facility will be capable of identifying those pediatric patients who are critically ill or injured, stabilizing pediatric patients (including the management of airway, breathing, circulation and disability), and will also provide ongoing inpatient care or appropriate transfer to a Level I pediatric critical care center ",https://www.nh.gov/safety/divisions/fstems/ems/documents/traumasystemplan.pdf,2016-06-02T00:00:00.000Z
137,NH,III PEDIATRIC,"Capable of identifying those pediatric patients who are critically ill or injured, stabilizing pediatric patients (including the management of airway, breathing and circulation), and will have clearly defined capabilities for the management of minor to moderate pediatric inpatient problems. ",https://www.nh.gov/safety/divisions/fstems/ems/documents/traumasystemplan.pdf,2016-06-02T00:00:00.000Z
138,NH,IV PEDIATRIC,"Capable of identifying those pediatric patients who are critically ill or injured, stabilizing pediatric patients (including the management of airway, breathing and circulation), and providing appropriate transfer to a definitive care facility. A Level IV hospital will have limited pediatric inpatient admission capability for pediatric trauma.",https://www.nh.gov/safety/divisions/fstems/ems/documents/traumasystemplan.pdf,2016-06-02T00:00:00.000Z
139,NJ,I,"Regional resource facility and has the capability to provide total care for all aspects of trauma, from prevention through rehabilitation. Level I trauma centers in New Jersey must treat a minimum of 600 patients per year. ",http://www.nj.gov/health/ems/trama_centers.shtml,2016-06-02T00:00:00.000Z
140,NJ,II,"Provide definitive trauma care, regardless of the severity of injury. Level II trauma centers have most of the clinical capabilities of a Level I. Level II trauma centers are required to participate in trauma research conducted by the Level Is and to sponsor public and provider educational programs in cooperation with the Level I centers. Level II trauma centers must treat a minimum of 350 patients per year.",http://www.nj.gov/health/ems/trama_centers.shtml,2016-06-02T00:00:00.000Z
141,NJ,I PEDIATRIC,"Regional resource facility and has the capability to provide total care for all aspects of pediatric trauma, from prevention through rehabilitation.",http://www.nj.gov/health/ems/trama_centers.shtml,2016-06-02T00:00:00.000Z
142,NJ,II PEDIATRIC,"provide definitive pediatric trauma care, regardless of the severity of injury. Level II trauma centers have most of the clinical capabilities of a Level I. Level II trauma centers are required to participate in trauma research conducted by the Level Is and to sponsor public and provider educational programs in cooperation with the Level I centers. ",http://www.nj.gov/health/ems/trama_centers.shtml,2016-06-02T00:00:00.000Z
143,NM,I,"Has 24/7 trauma and specialty care available for all services, participates in clinical research on trauma care and has residents training in trauma.",https://nmhealth.org/publication/view/general/1988/,2016-06-02T00:00:00.000Z
144,NM,II,Has 24/7 trauma and specialty care available for all services,https://nmhealth.org/publication/view/general/1988/,2016-06-02T00:00:00.000Z
145,NM,III,Has 24/7 trauma and some specialty care services available.,https://nmhealth.org/publication/view/general/1988/,2016-06-02T00:00:00.000Z
146,NM,IV,Has an Emergency Department with trauma team activation and can rapidly facilitate transport to a higher level of care if necessary,https://nmhealth.org/publication/view/general/1988/,2016-06-02T00:00:00.000Z
147,NV,I,"No definitions or definition source provided by state, however the SOURCE shown in this table was used to discover trauma levels for the hospitals feature class, minus the definition.",http://dpbh.nv.gov/Reg/HealthFacilities/Community_Resources/,2016-08-25T00:00:00.000Z
148,NV,II,"No definitions or definition source provided by state, however the SOURCE shown in this table was used to discover trauma levels for the hospitals feature class, minus the definition.",http://dpbh.nv.gov/Reg/HealthFacilities/Community_Resources/,2016-08-25T00:00:00.000Z
149,NY,I,"No definitions or definition source provided by state, however the SOURCE shown in this table was used to discover trauma levels for the hospitals feature class, minus the definition.",http://www.health.ny.gov/regulations/hcra/provider.htm,2016-08-29T00:00:00.000Z
150,NY,II,"No definitions or definition source provided by state, however the SOURCE shown in this table was used to discover trauma levels for the hospitals feature class, minus the definition.",http://www.health.ny.gov/regulations/hcra/provider.htm,2016-08-29T00:00:00.000Z
151,NY,III,"No definitions or definition source provided by state, however the SOURCE shown in this table was used to discover trauma levels for the hospitals feature class, minus the definition.",http://www.health.ny.gov/regulations/hcra/provider.htm,2016-08-29T00:00:00.000Z
152,NY,I PEDIATRIC,"No definitions or definition source provided by state, however the SOURCE shown in this table was used to discover trauma levels for the hospitals feature class, minus the definition.",http://www.health.ny.gov/regulations/hcra/provider.htm,2016-08-29T00:00:00.000Z
153,NY,II PEDIATRIC,"No definitions or definition source provided by state, however the SOURCE shown in this table was used to discover trauma levels for the hospitals feature class, minus the definition.",http://www.health.ny.gov/regulations/hcra/provider.htm,2016-08-29T00:00:00.000Z
154,NY,REGIONAL,"A regional trauma center is a facility with the ability to provide definitive treatment to the full-range of trauma patients including a commitment to trauma research and education. Such a facility has 24-hour availability of specialists in varied surgical and non-surgical fields. A regional trauma center is capable of treating 1,000 severely injured patients per year. The minimum number of severely injured patients treated at a regional trauma center is 400 patients per year.",https://www.health.ny.gov/professionals/ems/state_trauma/docs/traumastds7082.pdf,2016-07-01T00:00:00.000Z
155,NY,AREA,"An area trauma center is a facility capable of providing definitive treatment to most trauma patients. Such a facility has emergency medicine specialists and general surgeons available 24-hours a day; other medical specialists are available on an ""on-call basis."" The minimum number of severely injured patients treated at an area trauma center is 250 patients per year.",https://www.health.ny.gov/professionals/ems/state_trauma/docs/traumastds7082.pdf,2016-07-01T00:00:00.000Z
156,OH,I,"Regional Level. Level I Trauma Centers generally serve large cities or population-dense areas. A Level I Trauma Center is responsible for providing leadership in research, professional and community education.",http://codes.ohio.gov/orc/3727.101,2016-06-06T00:00:00.000Z
157,OH,II,"Area Level. A Level II Trauma Center provides comprehensive trauma care and serves as a lead trauma facility for a geographical area. A Level II Trauma Center provides educational outreach and prevention programs and assumes responsibility for trauma system leadership. There are emergency physicians and nurses in-house to initiate resuscitation and stabilization, with surgical teams on call and promptly available.",http://codes.ohio.gov/orc/3727.102,2016-06-06T00:00:00.000Z
158,OH,III,"The Level III Trauma Center provides assessment, resuscitation, emergency surgery, and stabilization and, for the most critically injured patients, arranges for transfer to a Level I or Level II trauma center that can provide further definitive care. A general surgeon must be promptly available and the facility must be involved with prevention and have an active outreach program for its referring communities.",http://codes.ohio.gov/orc/3727.103,2016-06-06T00:00:00.000Z
159,OH,I PEDIATRIC,"Regional Level. Level I Pediatric Trauma Centers generally serve large cities or population-dense areas. A Level I Trauma Center is responsible for providing leadership in research, professional and community education.",http://codes.ohio.gov/orc/3727.104,2016-06-06T00:00:00.000Z
160,OH,II PEDIATRIC,"A Level II Pediatric Trauma Center provides comprehensive trauma care and serves as a lead trauma facility for a geographical area. A Level II Trauma Center provides educational outreach and prevention programs and assumes responsibility for trauma system leadership. There are emergency physicians and nurses in-house to initiate resuscitation and stabilization, with surgical teams on call and promptly available.",http://codes.ohio.gov/orc/3727.105,2016-06-06T00:00:00.000Z
161,OK,I,"This is the highest level of trauma center. A Level I Trauma Center has an emergency department staffed with emergency physicians and nurses, and maintains a surgeon-led trauma team with rigorous response standards and the capability of rapid surgical intervention when necessary. Comprehensive specialty services are available including but not limited to neurological, cardiovascular and orthopedic surgery. There is a hospital wide commitment with immediate access to surgery, recovery and critical care beds. In addition this level of trauma center provides research and education activities.",https://www.ok.gov/health2/documents/2011%20Trauma%20Triage%20Training%20OSDH-OTEP.pdf,2016-06-06T00:00:00.000Z
162,OK,II,A Level II Trauma Center has the same resources and clinical capabilities of a Level I and is staffed to provide prompt and comprehensive care to seriously injured patients. A Level II like a Level I functions as a tertiary referral facility capable of managing all types of injured patients. Unlike a Level I a Level II will not provide the same level of research or education activities,https://www.ok.gov/health2/documents/2011%20Trauma%20Triage%20Training%20OSDH-OTEP.pdf,2016-06-06T00:00:00.000Z
163,OK,III,"A Level III Trauma Center is a facility which staffs a 24 hr. emergency department with at least a physician and nursing staff and has general surgical and some surgical subspecialties, such as orthopedics, on an on-call basis. Prompt anesthesia and operating room capabilities are required in addition to X-ray, laboratory services, recovery room and intensive care beds. This is an intermediate facility capable of handling minor to moderate trauma. A Level III Trauma Center can function as an enhanced trauma center on days when additional on-call resources, such as neurosurgery, are available in addition to general surgery and orthopedics. An enhanced Level III is referred to as a regional trauma center in this document as well as the prehospital trauma triage reference manual. This information is tracked through EMResources",https://www.ok.gov/health2/documents/2011%20Trauma%20Triage%20Training%20OSDH-OTEP.pdf,2016-06-06T00:00:00.000Z
164,OK,IV,A facility that staffs a 24 hr. emergency department with at least one of the following: – Physician Assistant (licensed) – Nurse Practitioner – Registered Nurse – Paramedic (with special trauma training as defined by that facility).,https://www.ok.gov/health2/documents/2011%20Trauma%20Triage%20Training%20OSDH-OTEP.pdf,2016-06-06T00:00:00.000Z
165,OK,I PEDIATRIC,"This is the highest level of pediatric trauma center. A Level I Trauma Center has an emergency department staffed with emergency physicians and nurses, and maintains a surgeon-led trauma team with rigorous response standards and the capability of rapid surgical intervention when necessary. Comprehensive specialty services are available including but not limited to neurological, cardiovascular and orthopedic surgery. There is a hospital wide commitment with immediate access to surgery, recovery and critical care beds. In addition this level of trauma center provides research and education activities.",https://www.ok.gov/health2/documents/2011%20Trauma%20Triage%20Training%20OSDH-OTEP.pdf,2016-06-06T00:00:00.000Z
166,OR,I,"The role of the Level I trauma center is to provide the highest level of definitive, comprehensive care for the severely injured adult and pediatric patient with complex, multi-system trauma. A Level I facility is the regional resource trauma center in the system and has the capability of providing total patient care for every aspect of injury from prevention through rehabilitation. Highly specialized care for pediatric trauma, burns, spinal cord injury, eye injury, limb reimplantation, and other clinical problems is available at the Level I center. An emergency physician, general surgeon, anesthesiologist, and nursing and ancillary personnel who can initiate immediate surgery are in-house and available to the patient upon arrival to the emergency department. A neurosurgeon is on-call and promptly available to the patient. A broad range of sub-specialists are on-call and promptly available to provide consultation or care. In addition to direct patient care, Level I trauma centers are responsible for resident training, research, regional quality improvement, community education, outreach, and injury prevention.",https://public.health.oregon.gov/ProviderPartnerResources/EMSTraumaSystems/TraumaSystems/Pages/desiglvl.aspx,2016-06-06T00:00:00.000Z
167,OR,II,"The role of the Level II trauma center is to provide definitive care for severely injured adult and pediatric patients with complex trauma. The services available at a Level II trauma facility and the resource requirements are similar to those at a Level I trauma center. Physicians who are ATLS trained and experienced in caring for traumatically injured patients, nurses, and ancillary staff are in-house and immediately available to initiate resuscitative measures. A board certified general surgeon and anesthesiologist are on-call and available to the patient. A neurosurgeon is on-call and promptly available. There is a broad range of specialists available for consultation or care, and comprehensive diagnostic capabilities and supportive equipment are available. Level II trauma centers serve as regional resource centers for definitive care, quality assurance, community education, outreach, and injury prevention.",https://public.health.oregon.gov/ProviderPartnerResources/EMSTraumaSystems/TraumaSystems/Pages/desiglvl.aspx,2016-06-06T00:00:00.000Z
168,OR,III,"The role of the Level III trauma center is to provide initial evaluation and stabilization, including surgical intervention, of the severely injured adult or pediatric patient. A Level III trauma center provides comprehensive inpatient services to those patients who can be maintained in a stable or improving condition without specialized care. Critically injured patients who require specialty care are transferred to a higher level trauma system hospital in accordance with criteria established in the Area Trauma Plan. An in-house multidisciplinary trauma resuscitation team is immediately available upon arrival of the patient to the emergency department. A board certified general surgeon trained in ATLS is on-call and available to the patient. Level III trauma centers also provide community education, outreach, and injury prevention programs",https://public.health.oregon.gov/ProviderPartnerResources/EMSTraumaSystems/TraumaSystems/Pages/desiglvl.aspx,2016-06-06T00:00:00.000Z
169,OR,IV,"The role of the Level IV trauma center is to provide resuscitation and stabilization of the severely injured adult or pediatric patient prior to transferring the patient to a higher level trauma system hospital. Resuscitation and stabilization may involve surgical intervention. Trauma trained nursing personnel are immediately available to initiate life-saving maneuvers. Physicians trained in ATLS are promptly available to provide patient resuscitation, and in most cases are present upon patient arrival to the hospital. Ancillary personnel are also in-house or promptly available at all hours of the day. Level IV trauma centers have all of the appropriate equipment and diagnostic capabilities to resuscitate the severely injured patient. Most Level IV trauma facilities provide community education, outreach, and injury prevention resources.",https://public.health.oregon.gov/ProviderPartnerResources/EMSTraumaSystems/TraumaSystems/Pages/desiglvl.aspx,2016-06-06T00:00:00.000Z
170,PA,I,"Level I Trauma Centers generally serve large cities or population-dense areas. A Level I Trauma Center is responsible for providing leadership in research, professional and community education. ",http://www.ptsf.org/index.php/our-trauma-centers/center-standards,2016-06-08T00:00:00.000Z
171,PA,II,"A Level II Trauma Center provides comprehensive trauma care and serves as a lead trauma facility for a geographical area. A Level II Trauma Center provides educational outreach and prevention programs and assumes responsibility for trauma system leadership. There are emergency physicians and nurses in-house to initiate resuscitation and stabilization, with surgical teams on call and promptly available.",http://www.ptsf.org/index.php/our-trauma-centers/center-standards,2016-06-08T00:00:00.000Z
172,PA,III,"The Level III Trauma Center provides assessment, resuscitation, emergency surgery, and stabilization and, for the most critically injured patients, arranges for transfer to a Level I or Level II trauma center that can provide further definitive care. A general surgeon must be promptly available and the facility must be involved with prevention and have an active outreach program for its referring communities.",http://www.ptsf.org/index.php/our-trauma-centers/center-standards,2016-06-08T00:00:00.000Z
173,PA,IV,Level IV Trauma Centers are small rural facilities that provide initial evaluation and assessment of injured patients prior to transfer to a larger referral facility.,http://www.ptsf.org/index.php/our-trauma-centers/center-standards,2016-06-08T00:00:00.000Z
174,PA,I PEDIATRIC,"Level I Pediatric Trauma Centers generally serve large cities or population-dense areas. A Level I Trauma Center is responsible for providing leadership in research, professional and community education. ",http://www.ptsf.org/index.php/our-trauma-centers/center-standards,2016-06-08T00:00:00.000Z
175,RI,I,"No definitions or definition source provided by state, however the SOURCE shown in this table was used to discover trauma levels for the hospitals feature class, minus the definition.",http://www.health.ri.gov/licenses/detail.php?id=207,2016-04-05T00:00:00.000Z
176,SC,I,"Level I trauma center is regional resource trauma center that is tertiary care facility with capability of providing leadership; education, research, system planning, and total care for every aspect of injury, from prevention through rehabilitation. In its central role, the Level I center has adequate depth of resources and personnel. Medical education programs include residency program support and postgraduate training in trauma.",http://sc-trauma.org/South%20Carolina%20Trauma%20Registry%20Data%20Dictionary%20052009.pdf,2016-06-08T00:00:00.000Z
177,SC,II,"Level II trauma center is a hospital that is also expected to provide initial definitive trauma care, regardless of the severity of injury. Depending on geographic location, patient volume, personnel, and resources, a Level II trauma center may not be able to provide the same comprehensive care as a Level I trauma center. Therefore, patients with more complex injuries may require transfer to a Level I center. ",http://sc-trauma.org/South%20Carolina%20Trauma%20Registry%20Data%20Dictionary%20052009.pdf,2016-06-08T00:00:00.000Z
178,SC,III,"Level III trauma center serves communities that do not have immediate access to a Level I or II facility. The Level III trauma center can provide prompt assessment, resuscitation, emergency procedures, and stabilization and arrange for transfer to a higher-level facility that can provide definitive trauma care. ",http://sc-trauma.org/South%20Carolina%20Trauma%20Registry%20Data%20Dictionary%20052009.pdf,2016-06-08T00:00:00.000Z
179,SD,RTH,"Regional Trauma Hospital.  Verified ACS Level II.   Trauma surgeon at all trauma team activations, neurosurgery continuously and promptly available",https://doh.sd.gov/providers/ruralhealth/trauma/designations.aspx,2016-06-08T00:00:00.000Z
180,SD,ATH,Area Trauma Hospital. Verified ACS Level III. Continuous surgical coverage of emergency department. 24/7 in-house physician coverage of emergency department. Orthopedic surgery on-call 24/7.,https://doh.sd.gov/providers/ruralhealth/trauma/designations.aspx,2016-06-08T00:00:00.000Z
181,SD,CTH,"Community Trauma Hospital. Surgical coverage of emergency department for all trauma team activations 80% of calendar year, minimum. Trauma transfer guidelines in place when surgery not available. 24/7 physician coverage of emergency department",https://doh.sd.gov/providers/ruralhealth/trauma/designations.aspx,2016-06-08T00:00:00.000Z
182,SD,TRH,"Trauma Receiving Hospital. 24/7 emergency department coverage by physician, physician assistant or nurse practitioner. No surgical services required",https://doh.sd.gov/providers/ruralhealth/trauma/designations.aspx,2016-06-08T00:00:00.000Z
183,TN,I,"Regional Level. Level I Trauma Centers generally serve large cities or population-dense areas. A Level I Trauma Center is responsible for providing leadership in research, professional and community education.",https://www.tn.gov/assets/entities/health/attachments/g4024233.pdf,2016-06-08T00:00:00.000Z
184,TN,II,"A Level II Trauma Center provides comprehensive trauma care and serves as a lead trauma facility for a geographical area. A Level II Trauma Center provides educational outreach and prevention programs and assumes responsibility for trauma system leadership. There are emergency physicians and nurses in-house to initiate resuscitation and stabilization, with surgical teams on call and promptly available.",https://www.tn.gov/assets/entities/health/attachments/g4024233.pdf,2016-06-08T00:00:00.000Z
185,TN,III,"The Level III Trauma Center provides assessment, resuscitation, emergency surgery, and stabilization and, for the most critically injured patients, arranges for transfer to a Level I or Level II trauma center that can provide further definitive care. A general surgeon must be promptly available and the facility must be involved with prevention and have an active outreach program for its referring communities.",https://www.tn.gov/assets/entities/health/attachments/g4024233.pdf,2016-06-08T00:00:00.000Z
186,TN,RPTC,Regional Pediatric Trauma Center,https://www.tn.gov/assets/entities/health/attachments/g4024233.pdf,2016-06-08T00:00:00.000Z
187,TX,I,"Level I Trauma Centers generally serve large cities or population-dense areas. A Level I Trauma Center is responsible for providing leadership in research, professional and community education. Full-time general surgery, neuro surgery, and orthopedic surgery capabilities.",https://www.dshs.state.tx.us/emstraumasystems/spolicy.shtm,2016-06-09T00:00:00.000Z
188,TX,II,"A Level II Trauma Center provides comprehensive trauma care and serves as a lead trauma facility for a geographical area. A Level II Trauma Center provides educational outreach and prevention programs and assumes responsibility for trauma system leadership. There are emergency physicians and nurses in-house to initiate resuscitation and stabilization, with surgical teams on call and promptly available.  Full-time general surgery, neuro surgery, and orthopedic surgery capabilities.",https://www.dshs.state.tx.us/emstraumasystems/spolicy.shtm,2016-06-09T00:00:00.000Z
189,TX,III,"The Level III Trauma Center provides assessment, resuscitation, emergency surgery, and stabilization and, for the most critically injured patients, arranges for transfer to a Level I or Level II trauma center that can provide further definitive care. A general surgeon must be promptly available and the facility must be involved with prevention and have an active outreach program for its referring communities. Full time general surgery and orthopedic capabilities, but does not have full-time neurosurgery capability.",https://www.dshs.state.tx.us/emstraumasystems/spolicy.shtm,2016-06-09T00:00:00.000Z
190,TX,IV,Level IV Trauma Centers are small rural facilities that provide initial evaluation and assessment of injured patients prior to transfer to a larger referral facility.,https://www.dshs.state.tx.us/emstraumasystems/spolicy.shtm,2016-06-09T00:00:00.000Z
191,UT,I,Level I Trauma Center is a comprehensive regional resource that is a tertiary care facility central to the trauma system. A Level I Trauma Center is capable of providing total care for every aspect of injury – from prevention through rehabilitation.,https://health.utah.gov/ems/trauma/,2016-06-09T00:00:00.000Z
192,UT,II,A Level II Trauma Center is able to initiate definitive care for all injured patients.,https://health.utah.gov/ems/trauma/,2016-06-09T00:00:00.000Z
193,UT,III,"A Level III Trauma Center has demonstrated an ability to provide prompt assessment, resuscitation, surgery, intensive care and stabilization of injured patients and emergency operations.",https://health.utah.gov/ems/trauma/,2016-06-09T00:00:00.000Z
194,UT,IV,"A Level IV Trauma Center has demonstrated an ability to provide advanced trauma life support (ATLS) prior to transfer of patients to a higher level trauma center.  It provides evaluation, stabilization, and diagnostic capabilities for injured patients.",https://health.utah.gov/ems/trauma/,2016-06-09T00:00:00.000Z
195,UT,V,"A Level V Trauma Center provides initial evaluation, stabilization and diagnostic capabilities and prepares patients for transfer to higher levels of care",https://health.utah.gov/ems/trauma/,2016-06-09T00:00:00.000Z
196,VA,I,"Level I trauma centers have an organized trauma response and are required to provide total care for every aspect of injury, from prevention through rehabilitation. These facilities must have adequate depth of resources and personnel with the capability of providing leadership, education, research, and system planning.",https://www.vdh.virginia.gov/OEMS/Files_page/trauma/TraumaDesignationLevelInfo.pdf,2016-06-09T00:00:00.000Z
197,VA,II,"Level II trauma centers have an organized trauma response and are also expected to provide initial definitive care, regardless of the severity of injury. The specialty requirements may be fulfilled by on call staff, that are promptly available to the patient. Due to limited resources, Level II centers may have to transfer more complex injuries to a Level I center. Level II centers should also take on responsibility for education and system leadership within their region.",https://www.vdh.virginia.gov/OEMS/Files_page/trauma/TraumaDesignationLevelInfo.pdf,2016-06-09T00:00:00.000Z
198,VA,III,"Level III trauma centers, through an organized trauma response, can provide prompt assessment, resuscitation, stabilization, emergency operations and also arrange for the transfer of the patient to a facility that can provide definitive trauma care. Level III centers should also take on responsibility for education and system leadership within their region.",https://www.vdh.virginia.gov/OEMS/Files_page/trauma/TraumaDesignationLevelInfo.pdf,2016-06-09T00:00:00.000Z
199,VT,I,"No definitions or definition source provided by state, however the SOURCE shown in this table was used to discover trauma levels for the hospitals feature class, minus the definition.",http://www.healthvermont.gov/health-statistics-vital-records/health-care-systems-reporting/hospital-report-cards,2016-03-10T00:00:00.000Z
200,WA,I,Level I Trauma Center is a comprehensive regional resource that is a tertiary care facility central to the trauma system. A Level I Trauma Center is capable of providing total care for every aspect of injury – from prevention through rehabilitation.,http://www.doh.wa.gov/ForPublicHealthandHealthcareProviders/EmergencyMedicalServicesEMSSystems/TraumaSystem/TraumaDesignation,2016-06-10T00:00:00.000Z
201,WA,II,A Level II Trauma Center is able to initiate definitive care for all injured patients.,http://www.doh.wa.gov/ForPublicHealthandHealthcareProviders/EmergencyMedicalServicesEMSSystems/TraumaSystem/TraumaDesignation,2016-06-10T00:00:00.000Z
202,WA,III,"A Level III Trauma Center has demonstrated an ability to provide prompt assessment, resuscitation, surgery, intensive care and stabilization of injured patients and emergency operations.",http://www.doh.wa.gov/ForPublicHealthandHealthcareProviders/EmergencyMedicalServicesEMSSystems/TraumaSystem/TraumaDesignation,2016-06-10T00:00:00.000Z
203,WA,IV,"A Level IV Trauma Center has demonstrated an ability to provide advanced trauma life support (ATLS) prior to transfer of patients to a higher level trauma center.  It provides evaluation, stabilization, and diagnostic capabilities for injured patients",http://www.doh.wa.gov/ForPublicHealthandHealthcareProviders/EmergencyMedicalServicesEMSSystems/TraumaSystem/TraumaDesignation,2016-06-10T00:00:00.000Z
204,WA,V,"A Level V Trauma Center provides initial evaluation, stabilization and diagnostic capabilities and prepares patients for transfer to higher levels of care.",http://www.doh.wa.gov/ForPublicHealthandHealthcareProviders/EmergencyMedicalServicesEMSSystems/TraumaSystem/TraumaDesignation,2016-06-10T00:00:00.000Z
205,WA,I PEDIATRIC,A Level I Pediatric Trauma Center is capable of providing total care for every aspect of pediatric injury – from prevention through rehabilitation.,http://www.doh.wa.gov/ForPublicHealthandHealthcareProviders/EmergencyMedicalServicesEMSSystems/TraumaSystem/TraumaDesignation,2016-06-10T00:00:00.000Z
206,WA,II PEDIATRIC,A Level II Pediatric Trauma Center is able to initiate definitive care for all injured pediatric patients.,http://www.doh.wa.gov/ForPublicHealthandHealthcareProviders/EmergencyMedicalServicesEMSSystems/TraumaSystem/TraumaDesignation,2016-06-10T00:00:00.000Z
207,WA,III PEDIATRIC,"A Level III Pediatric Trauma Center has demonstrated an ability to provide prompt assessment, resuscitation, surgery, intensive care and stabilization of injured pediatric patients and emergency operations.",http://www.doh.wa.gov/ForPublicHealthandHealthcareProviders/EmergencyMedicalServicesEMSSystems/TraumaSystem/TraumaDesignation,2016-06-10T00:00:00.000Z
208,WI,I,"Hospital is characterized by capability to provide leadership and total care for every aspect of traumatic injury from prevention through rehabilitation, including research. ",https://www.dhs.wisconsin.gov/trauma/classification.htm,2016-06-10T00:00:00.000Z
209,WI,II,"Hospital provides the initial definitive trauma care regardless of the severity of injury, but differs from Level I in teaching and research capability.  ",https://www.dhs.wisconsin.gov/trauma/classification.htm,2016-06-10T00:00:00.000Z
210,WI,III,"Hospital provides assessment, resuscitation, stabilization, and emergency surgery and arranges transfer to a Level I or II facility for definitive surgical and intensive care as necessary.  ",https://www.dhs.wisconsin.gov/trauma/classification.htm,2016-06-10T00:00:00.000Z
211,WI,IV,Facility provides stabilization and advanced trauma life support prior to patient transfer to a Level I or II.  ,https://www.dhs.wisconsin.gov/trauma/classification.htm,2016-06-10T00:00:00.000Z
212,WI,UNCLASSIFIED,"Hospital has chosen not to be part of the Trauma Care System or has not been approved as a Level I, II, III or IV.  ",https://www.dhs.wisconsin.gov/trauma/classification.htm,2016-06-10T00:00:00.000Z
213,WV,I,"A Level I center is a tertiary care facility central to the trauma care system. The center must provide leadership and total care for every aspect of injury, from prevention through rehabilitation.",http://www.wvoems.org/designation-and-categorization/trauma-designation/levels-of-designation,2016-06-10T00:00:00.000Z
214,WV,II,"A Level II center is a facility that is also expected to provide initial definitive trauma care, regardless of the severity of injury. The Leve II center can be an academic institution or a public or private community facility.",http://www.wvoems.org/designation-and-categorization/trauma-designation/levels-of-designation,2016-06-10T00:00:00.000Z
215,WV,III,"A Level III center is a facility which serves communities that do not have immediate access to a Level I or II institution. A Level III facility can provide prompt assessment, resuscitation, emergency operations, and stabilization and also arrange for possible transfers to a facility that can provide definitive trauma care.",http://www.wvoems.org/designation-and-categorization/trauma-designation/levels-of-designation,2016-06-10T00:00:00.000Z
216,WV,IV,A Level IV center is a facility which provides advanced trauma life support prior to patient transfer in remote areas where no higher level of care is available. It is the de facto primary care provider.,http://www.wvoems.org/designation-and-categorization/trauma-designation/levels-of-designation,2016-06-10T00:00:00.000Z
217,WY,RTC,Regional Trauma Center (derived from ACS Level II). Able to initiate definitive care for all injured patients.,http://soswy.state.wy.us/Rules/RULES/7258.pdf,2016-06-10T00:00:00.000Z
218,WY,ATH,"Area Trauma Hospital (derived from ACS Level III).   Has demonstrated an ability to provide prompt assessment, resuscitation, surgery, intensive care and stabilization of injured patients and emergency operations.",http://soswy.state.wy.us/Rules/RULES/7258.pdf,2016-06-10T00:00:00.000Z
219,WY,CTH,"Community Trauma Hospital (derived from ACS Level IV). Has demonstrated an ability to provide advanced trauma life support (ATLS) prior to transfer of patients to a higher level trauma center.  It provides evaluation, stabilization, and diagnostic capabilities for injured patients.",http://soswy.state.wy.us/Rules/RULES/7258.pdf,2016-06-10T00:00:00.000Z
220,WY,TRF,"Trauma Receiving Hospital (derived from ACS Level V). Provides initial evaluation, stabilization and diagnostic capabilities and prepares patients for transfer to higher levels of care.",http://soswy.state.wy.us/Rules/RULES/7258.pdf,2016-06-10T00:00:00.000Z
221,ID,LEVEL III/PEDIATRIC,"No definitions or definition source provided by state, however the SOURCE shown in this table was used to discover trauma levels for the hospitals feature class, minus the definition.",http://healthandwelfare.idaho.gov/Portals/0/Medical/LicensingCertification/AlphaHospital.pdf,2016-04-19T00:00:00.000Z
